model_family,benchmark_id,num_runs,num_expected_cases,num_findings,tp_cases,partial_cases,fn_cases,tp_findings,partial_findings,fp_findings,precision,recall,partial_rate,fp_rate,fn_rate,wrong_localization_count,localization_error_rate,evidence_failure_count,evidence_failure_rate,insufficient_evidence_count,fabricated_evidence_count,unsupported_claim_count,overconfidence_count,overconfidence_rate
deepseek_v4_pro,hackatdac18,9,36,21,3,11,22,3,12,6,0.333333,0.083333,0.305556,0.285714,0.611111,16,0.761905,18,0.857143,17,0,1,18,0.857143
deepseek_v4_pro,hackatdac19,12,63,37,20,2,41,20,2,14,0.588235,0.317460,0.031746,0.388889,0.650794,16,0.444444,16,0.444444,16,0,0,16,0.444444
deepseek_v4_pro,hackatdac21,9,66,40,13,2,51,11,2,27,0.289474,0.196970,0.030303,0.675000,0.772727,29,0.725000,25,0.625000,25,0,0,25,0.625000
gpt_5_5,hackatdac18,9,36,15,9,4,23,9,2,4,0.692308,0.250000,0.111111,0.266667,0.638889,5,0.333333,6,0.400000,6,0,0,3,0.200000
gpt_5_5,hackatdac19,12,63,31,23,1,39,23,1,7,0.766667,0.365079,0.015873,0.225806,0.619048,7,0.225806,7,0.225806,7,0,0,7,0.225806
gpt_5_5,hackatdac21,9,66,28,9,5,52,9,3,16,0.360000,0.136364,0.075758,0.571429,0.787879,19,0.678571,14,0.500000,14,0,0,14,0.500000
